id,title
1012560,Snakeybus
1071870,Biped
1168030,Project Winter - Blackout
1186040,Worms Rumble
1211020,Wobbly Life
1260320,Party Animals
1276390,Bloons TD Battles 2
1509960,PICO PARK
1521580,Perfect Heist 2
1568590,Goose Goose Duck
1677740,Stumble Guys
1686940,Bopl Battle
1782210,Crab Game
2022330,The Riflemen
218680,Scribblenauts Unlimited
291860,Pit PeopleÂ®
312530,Duck Game
326460,ShellShock Live
327030,Worms W.M.D
338170,Ratz Instagib
343780,Cat Goes Fishing
360940,The Mean Greens - Plastic Warfare
394690,Tower Unite
397950,Clustertruck
4000,Garry's Mod
427730,Who's Your Daddy?!
477160,Human Fall Flat
550010,Happy Room
572890,Pikuniku
674940,Stick Fight: The Game
70600,Worms_Ultimate_Mayhem
728880,Overcooked! 2
774861,Project Winter
843380,Super Animal Royale
880940,Pummel Party
95400,ibb & obb
960090,Bloons TD 6
